,store_name,state,city,zip,store_id,lat,lon
0,Tomball,TX,Houston,77070,6512,29.9781,-95.5803
1,White-Rock,TX,Dallas,75218,550,32.8463,-96.6972
2,Keller,TX,Keller,76248,6548,32.9276,-97.2489
3,Beaumont,TX,Beaumont,77703,501,30.1132,-94.1197
4,Mckinney,TX,Mckinney,75070,528,33.1976,-96.6153
5,Kingsbridge,TX,Sugar-Land,77498,6860,29.6396,-95.65
6,San-Angelo,TX,San-Angelo,76901,6807,31.4782,-100.4818
7,Grand-Parkway,TX,Katy,77494,6561,29.7404,-95.8304
8,Missouri-City,TX,Missouri-City,77459,6546,29.5704,-95.5423
9,N-Frisco,TX,Frisco,75033,6513,33.2559,-96.8853
10,Windsor-Park,TX,San-Antonio,78239,580,29.5182,-98.3627
11,Bridgepoint,TX,Corpus-Christi,78415,6584,27.7262,-97.4078
12,Precinct-Line,TX,North-Richland-Hills,76182,6533,32.8828,-97.2098
13,Huntsville-TX,TX,Huntsville,77320,6578,30.847,-95.597
14,Se-Military,TX,San-Antonio,78223,6988,29.3579,-98.4356
15,Fair-Ave,TX,San-Antonio,78223,503,29.3579,-98.4356
16,N-Fort-Worth,TX,Fort-Worth,76137,6814,32.8664,-97.2891
17,Central-Plano,TX,Plano,75023,6833,33.055,-96.7365
18,Willowbrook,TX,Houston,77065,6838,29.9319,-95.6106
19,Laredo,TX,Laredo,78041,6540,27.5569,-99.4907
20,N-Mcallen,TX,Mcallen,78504,516,26.2556,-98.2303
21,Lakeline,TX,Austin,78717,509,30.506,-97.7472
22,Georgetown,TX,Georgetown,78628,6538,30.6411,-97.7511
23,Midland,TX,Midland,79707,561,32.0199,-102.1476
24,Amarillo,TX,Amarillo,79124,6552,35.2703,-101.943
25,Richardson,TX,Garland,75044,556,32.9522,-96.6654
26,Lufkin,TX,Lufkin,75901,513,31.27,-94.6469
27,Denton,TX,Denton,76208,6840,33.2117,-97.0612
28,Nw-Dallas,TX,Dallas,75229,564,32.8958,-96.8588
29,Greenville-TX,TX,Greenville,75402,6554,33.1047,-96.0927
30,E-Amarillo,TX,Amarillo,79109,6831,35.1663,-101.8868
31,Military,TX,San-Antonio,78224,6529,29.3374,-98.5393
32,Silverlake,TX,Pearland,77584,6567,29.5405,-95.3208
33,East-El-Paso,TX,El-Paso,79938,8523,31.8045,-105.9661
34,Kuykendahl,TX,Spring,77389,2389,30.1044,-95.5066
35,Alamo-Heights,TX,San-Antonio,78209,6544,29.4821,-98.4554
36,N-Brownsville,TX,Brownsville,78520,6984,25.9337,-97.5174
37,El-Paso,TX,El-Paso,79936,522,31.7677,-106.3016
38,Oak-Cliff,TX,Dallas,75211,6816,32.7319,-96.9057
39,Paris-TX,TX,Paris,75460,6566,33.6581,-95.5379
40,W-Plano,TX,Plano,75093,551,33.0299,-96.7889
41,Grand-Prairie,TX,Grand-Prairie,75052,507,32.6605,-97.0311
42,Grand-Prairie-South,TX,Grand-Prairie,75052,8517,32.6605,-97.0311
43,Gulf-Freeway,TX,Houston,77089,6501,29.594,-95.2218
44,Lake-Worth-TX,TX,Lake-Worth,76135,6549,32.8248,-97.4519
45,Cleburne,TX,Cleburne,76033,6520,32.3509,-97.4103
46,Mt-Pleasant-TX,TX,Mount-Pleasant,75455,8540,33.1733,-94.9695
47,Austin-Mueller-Airport,TX,Austin,78723,6892,30.3085,-97.6849
48,Boerne,TX,Boerne,78006,6556,29.8931,-98.6857
49,Pflugerville,TX,Pflugerville,78660,6808,30.4421,-97.6299
50,Kerrville,TX,Kerrville,78028,6576,30.0416,-99.1408
51,Copperfield,TX,Houston,77084,6506,29.844,-95.6623
52,Eldorado-Webster-r0567,TX,Webster,77598,1859,29.5564,-95.144
53,Gainesville-TX,TX,Gainesville,76240,519,33.6547,-97.1583
54,Lancaster-TX,TX,Lancaster,75146,8976,32.5914,-96.7728
55,Waxahachie,TX,Waxahachie,75165,6505,32.3808,-96.8374
56,Balch-Springs,TX,Balch-Springs,75180,555,32.7287,-96.6228
57,Bellmead-Waco,TX,Waco,76705,6830,31.6403,-97.0963
58,Spring-Cypress,TX,Cypress,77429,6586,29.9766,-95.6358
59,Wichita-Falls,TX,Wichita-Falls,76308,6588,33.8633,-98.534
60,Corpus-Christi,TX,Corpus-Christi,78411,526,27.7311,-97.3877
61,Skillman,TX,Dallas,75231,6804,32.8756,-96.7495
62,N-Plano,TX,Plano,75024,527,33.0752,-96.7843
63,West-Woodlands,TX,Magnolia,77354,6819,30.2333,-95.5502
64,Westbury-Square,TX,Houston,77035,578,29.6518,-95.4854
65,Hutto,TX,Hutto,78634,8439,30.5257,-97.5672
66,Wylie,TX,Wylie,75098,6589,33.0041,-96.5394
67,N-Austin,TX,Austin,78759,6839,30.4036,-97.7526
68,Alvin,TX,Alvin,77511,6539,29.412,-95.2515
69,Garland,TX,Garland,75040,553,32.9227,-96.6248
70,New-Braunfels,TX,New-Braunfels,78130,8520,29.7229,-98.0742
71,Lemmon-Ave,TX,Dallas,75209,589,32.8456,-96.826
72,Waco,TX,Waco,76710,6532,31.535,-97.1899
73,Allen,TX,Allen,75013,6502,33.1186,-96.6773
74,Harlingen,TX,Harlingen,78552,6528,26.1831,-97.7468
75,Tyler,TX,Tyler,75701,6514,32.3254,-95.2922
76,Live-Oak,TX,Selma,78154,6551,29.579,-98.2778
77,Torrey-Chase,TX,Houston,77068,6828,30.0069,-95.4897
78,Brinkman,TX,Houston,77008,577,29.7991,-95.4118
79,Terrell,TX,Terrell,75160,6579,32.7515,-96.2831
80,Killeen,TX,Killeen,76543,6526,31.1172,-97.6651
81,Victoria,TX,Victoria,77904,6587,28.8675,-96.999
82,Brownsville,TX,Brownsville,78521,6521,25.9221,-97.4612
83,S-Fort-Worth,TX,Fort-Worth,76134,529,32.6469,-97.3325
84,Marble-Falls,TX,Marble-Falls,78654,514,30.5784,-98.2751
85,Mcallen,TX,Pharr,78577,506,26.1771,-98.187
86,Kyle,TX,Kyle,78640,8454,29.9966,-97.8335
87,Summerwood,TX,Houston,77044,1832,29.8635,-95.1976
88,W-Houston,TX,Houston,77082,585,29.7223,-95.6285
89,Westmoreland,TX,Dallas,75237,552,32.659,-96.8765
90,Temple,TX,Temple,76504,6863,31.0917,-97.3648
91,Westheimer,TX,Houston,77063,6558,29.7348,-95.522
92,N-Houston,TX,Houston,77037,6510,29.8892,-95.3935
93,S-Austin,TX,Sunset-Valley,78745,6570,30.2063,-97.7956
94,N-Arlington,TX,Arlington,76011,554,32.7582,-97.1003
95,Rosenberg,TX,Rosenberg,77471,6530,29.5497,-95.7982
96,E-Lubbock,TX,Lubbock,79413,6827,33.5466,-101.8871
97,Rockwall,TX,Rockwall,75087,531,32.9492,-96.4418
98,Baytown,TX,Baytown,77521,6507,29.7705,-94.9695
99,Cedar-Park,TX,Cedar-Park,78613,6585,30.5052,-97.8203
100,Howard-Lane,TX,Austin,78753,6553,30.3649,-97.6827
101,Sherman,TX,Sherman,75092,518,33.6372,-96.6184
102,Katy,TX,Katy,77449,534,29.8323,-95.736
103,Five-Point,TX,Corpus-Christi,78410,6564,27.8458,-97.596
104,Conroe,TX,Conroe,77304,508,30.3217,-95.5285
105,Se-Austin,TX,Austin,78704,6542,30.2428,-97.7658
106,N-Richland,TX,Richland-Hills,76180,540,32.84,-97.225
107,North-281,TX,San-Antonio,78258,6550,29.6562,-98.4967
108,Mesquite,TX,Mesquite,75150,6537,32.8154,-96.6307
109,Roanoke-TX,TX,Roanoke,76262,6581,33.0211,-97.2127
110,Hillcroft,TX,Houston,77085,6859,29.6218,-95.4819
111,Gulfgate-Mall,TX,Houston,77087,6509,29.6876,-95.3011
112,Spring-Valley,TX,Spring-Valley,77024,6985,29.7696,-95.5201
113,Euless,TX,Euless,76040,537,32.8264,-97.0972
114,Pearland,TX,Pearland,77581,6543,29.5617,-95.2721
115,Orange,TX,Orange,77630,8419,30.0709,-93.8659
116,Arlington,TX,Arlington,76017,541,32.6555,-97.1599
117,Brownwood,TX,Brownwood,76801,6820,31.7754,-98.9915
118,Market-Street,TX,Houston,77015,569,29.7853,-95.1852
119,Granbury,TX,Granbury,76048,6571,32.425,-97.7742
120,Clear-Lake-Shores,TX,Clear-Lake-Shores,77565,6560,29.5236,-95.0276
121,Round-Rock,TX,Round-Rock,78664,504,30.5145,-97.668
122,Lewisville,TX,Lewisville,75067,524,33.0198,-96.9925
123,Slaughter-Lane,TX,Austin,78744,6563,30.1876,-97.7472
124,Longview,TX,Longview,75605,6545,32.5547,-94.7767
125,Lubbock,TX,Lubbock,79414,505,33.5497,-101.9187
126,W-Mckinney,TX,Mckinney,75071,6809,33.1976,-96.6153
127,Houston-Hwy-290,TX,Houston,77040,6525,29.8744,-95.5278
128,Four-Points-W-Austin,TX,Austin,78726,8418,30.43,-97.8326
129,Bulverde,TX,Bulverde,78163,6989,29.7767,-98.4626
130,Cedar-Hill,TX,Cedar-Hill,75104,530,32.5885,-96.9438
131,White-Settlement,TX,White-Settlement,76108,8521,32.7822,-97.4969
132,N-San-Antonio,TX,San-Antonio,78249,588,29.5612,-98.6117
133,Bandera-Rd,TX,San-Antonio,78249,6547,29.5612,-98.6117
134,Bastrop,TX,Bastrop,78602,6575,30.1388,-97.2921
135,Irving,TX,Irving,75061,563,32.8267,-96.9633
136,Plano,TX,Plano,75074,539,33.0277,-96.6777
137,Humble,TX,Humble,77338,576,30.0041,-95.2825
138,Pasadena,TX,Pasadena,77505,565,29.6518,-95.1464
139,Ft-Worth,TX,Fort-Worth,76109,542,32.7002,-97.3789
140,Porter,TX,Porter,77365,6523,30.1237,-95.2686
141,Coit-Rd,TX,Richardson,75080,6504,32.966,-96.7452
142,Culebra,TX,San-Antonio,78251,6818,29.4597,-98.6555
143,Del-Rio,TX,Del-Rio,78840,6832,29.4102,-100.8932
144,Burleson,TX,Burleson,76028,8438,32.5316,-97.309
145,Rowlett,TX,Rowlett,75088,8951,32.9031,-96.5472
146,Lake-Jackson,TX,Lake-Jackson,77566,6517,29.0393,-95.4401
147,League-City,TX,League-City,77573,1853,29.5173,-95.0963
148,The-Colony,TX,The-Colony,75056,6562,33.094,-96.8836
149,Seguin,TX,Seguin,78155,8437,29.5613,-97.9628
150,Cambray,TX,San-Antonio,78229,581,29.5042,-98.5697
151,Lumpkin,TX,Houston,77043,571,29.8052,-95.5607
152,Sw-San-Antonio,TX,San-Antonio,78227,586,29.4027,-98.6433
153,Sugar-Land,TX,Sugar-Land,77478,574,29.6196,-95.607
154,Beltway-8,TX,Houston,77072,584,29.699,-95.5862
155,College-Station,TX,College-Station,77840,6559,30.6045,-96.3123
156,Southlake-TX,TX,Southlake,76092,587,32.9485,-97.1524
157,W-El-Paso,TX,El-Paso,79912,523,31.8383,-106.5364
158,Abilene,TX,Abilene,79606,6583,32.392,-99.7746
159,Weatherford,TX,Weatherford,76086,6515,32.7549,-97.7899
160,Galveston,TX,Galveston,77551,6574,29.2766,-94.8303
161,Dripping-Springs,TX,Dripping-Springs,78620,8995,30.2268,-98.1029
162,Bitters-Rd,TX,San-Antonio,78232,582,29.5863,-98.4769
163,Mission,TX,Mission,78572,8519,26.2159,-98.3253
164,Little-York,TX,Houston,77093,6806,29.8617,-95.3403
165,E-Ft-Worth,TX,Fort-Worth,76112,6534,32.7493,-97.2181
166,North-Irving,TX,Irving,75063,6557,32.9247,-96.9598
167,Spring,TX,Spring,77373,568,30.0532,-95.3773
168,Flower-Mound,TX,Flower-Mound,75022,6572,33.0268,-97.1193
169,Texarkana,TX,Texarkana,75503,6580,33.4669,-94.0774
170,Corsicana,TX,Corsicana,75109,6817,31.9937,-96.4199
171,Odessa,TX,Odessa,79762,562,31.889,-102.3548
172,Mansfield-TX,TX,Mansfield,76063,6568,32.5773,-97.1416
173,Pin-Oak,TX,Houston,77081,566,29.7119,-95.4845
174,Weslaco,TX,Weslaco,78599,6577,26.1595,-97.9908
175,Carrollton,TX,Carrollton,75006,6555,32.9657,-96.8825
176,Woodlands,TX,Conroe,77385,6516,30.1877,-95.4288
177,Brenham-TX,TX,Brenham,77833,8518,30.1774,-96.4028
178,Bee-Cave,TX,Bee-Cave,78738,6531,30.3337,-97.9824
